City_ID,City,Country,Lat,Lng,Max Temp,Humidity,Cloudiness,Wind Speed,Current Description
0,Yar-Sale,RU,66.8333,70.8333,-12.32,100,89,5.03,overcast clouds
1,Punta Arenas,CL,-53.15,-70.9167,51.91,32,0,23.02,clear sky
2,Butaritari,KI,3.0707,172.7902,82.6,72,57,18.32,broken clouds
3,Zeya,RU,53.75,127.2667,-6.29,88,12,2.3,few clouds
4,Zwedru,LR,6.0667,-8.1281,80.82,56,35,3.87,scattered clouds
5,Hermanus,ZA,-34.4187,19.2345,66.9,84,98,11.45,overcast clouds
6,Saint-Pierre,RE,-21.3393,55.4781,78.48,69,0,6.91,clear sky
7,Narsaq,GL,60.9167,-46.05,17.82,78,4,7.85,clear sky
8,Svetlogorsk,BY,52.6333,29.7333,37.42,94,100,6.08,overcast clouds
9,Mataura,NZ,-46.1927,168.8643,57.47,67,89,0.13,overcast clouds
10,Geraldton,AU,-28.7667,114.6,58.12,82,91,8.05,overcast clouds
11,Kahului,US,20.8947,-156.47,78.06,80,40,18.41,scattered clouds
12,Port Hedland,AU,-20.3167,118.5667,84.25,79,75,9.22,broken clouds
13,Jamestown,US,42.097,-79.2353,44.71,43,0,13.0,clear sky
14,Saldanha,ZA,-33.0117,17.9442,64.45,92,100,13.73,overcast clouds
15,Baghmara,IN,23.795,86.2085,60.96,42,0,3.89,clear sky
16,Hilo,US,19.7297,-155.09,78.28,1,15,8.12,few clouds
17,Kirov,RU,58.5966,49.6601,2.1,93,40,4.94,scattered clouds
18,Sao Jose Da Coroa Grande,BR,-8.8978,-35.1478,80.98,73,16,10.49,few clouds
19,Raybag,IN,16.4833,74.7833,73.56,65,100,5.91,overcast clouds
20,Toamasina,MG,-18.1667,49.3833,77.0,88,40,5.75,light rain
21,Ribeira Grande,PT,38.5167,-28.7,57.6,54,40,9.22,scattered clouds
22,Vaini,TO,-21.2,-175.2,77.16,94,75,8.05,light rain
23,Tsabong,BW,-26.0217,22.401,72.75,72,100,31.7,light rain
24,Mar Del Plata,AR,-38.0023,-57.5575,73.42,82,75,4.0,broken clouds
25,Kaitangata,NZ,-46.2817,169.8464,53.65,70,77,1.32,broken clouds
26,Genhe,CN,50.7833,121.5167,0.75,97,100,3.06,light snow
27,Severo-Kurilsk,RU,50.6789,156.125,33.04,94,87,11.61,light snow
28,Rikitea,PF,-23.1203,-134.9692,77.4,76,88,10.0,light rain
29,Van,TR,38.4924,43.3831,29.55,93,20,2.3,few clouds
30,Georgetown,MY,5.4112,100.3354,80.89,79,40,5.99,scattered clouds
31,Cape Town,ZA,-33.9258,18.4232,67.12,82,20,3.0,few clouds
32,Albany,US,42.6001,-73.9662,45.63,31,0,1.01,clear sky
33,Abu Zabad,SD,12.35,29.25,75.88,25,17,9.19,few clouds
34,Debno,PL,52.739,14.698,37.53,99,100,7.54,overcast clouds
35,Chapais,CA,49.7834,-74.8492,24.58,95,100,9.62,light snow
36,Abu Samrah,SY,35.3029,37.1841,56.61,47,88,7.16,overcast clouds
37,Mahebourg,MU,-20.4081,57.7,79.09,69,20,8.05,few clouds
38,Nanortalik,GL,60.1432,-45.2371,21.0,77,13,5.06,few clouds
39,Saint-Leu,RE,-21.15,55.2833,77.86,76,63,6.82,light rain
40,Ushuaia,AR,-54.8,-68.3,44.26,76,75,36.82,drizzle
41,Kandrian,PG,-6.2167,149.55,77.88,90,100,5.77,overcast clouds
42,Itoman,JP,26.1247,127.6694,68.4,78,75,19.57,broken clouds
43,Dangtu,CN,31.5723,118.4928,35.65,58,3,6.31,clear sky
44,North Platte,US,41.1239,-100.7654,58.24,23,1,1.01,clear sky
45,Bluff,NZ,-46.6,168.3333,57.79,76,31,2.17,scattered clouds
46,Anori,BR,-3.7728,-61.6442,77.43,94,100,2.59,overcast clouds
47,Hofn,IS,64.2539,-15.2082,40.82,84,100,3.89,light rain
48,Norman Wells,CA,65.282,-126.8329,-2.16,71,90,16.11,light snow
49,Faanui,PF,-16.4833,-151.75,80.58,72,97,8.5,light rain
50,Lompoc,US,34.6391,-120.4579,64.42,57,1,0.0,clear sky
51,Saint-Philippe,RE,-21.3585,55.7679,78.39,78,79,14.72,broken clouds
52,Lebu,CL,-37.6167,-73.65,58.08,59,1,9.37,clear sky
53,Mandalgovi,MN,45.7625,106.2708,12.47,44,0,14.23,clear sky
54,Cordoba,AR,-31.4135,-64.1811,73.42,69,75,4.61,light rain
55,Saint George,US,37.1041,-113.5841,59.47,36,5,1.99,clear sky
56,Kavaratti,IN,10.5669,72.642,80.96,74,81,2.28,broken clouds
57,Tokmak,UA,47.2514,35.7058,40.23,71,100,15.19,overcast clouds
58,Bredasdorp,ZA,-34.5322,20.0403,65.28,86,100,5.08,overcast clouds
59,Castro,BR,-24.7911,-50.0119,82.09,41,99,5.61,overcast clouds
60,Havre-Saint-Pierre,CA,50.2334,-63.5986,34.39,55,75,33.38,broken clouds
61,Moree,AU,-29.4667,149.85,60.82,82,0,8.05,clear sky
62,Hobart,AU,-42.8794,147.3294,54.27,84,75,1.99,broken clouds
63,Tena,EC,-0.9833,-77.8167,87.96,96,97,1.1,moderate rain
64,Barrow,US,71.2906,-156.7887,-11.18,77,20,13.8,few clouds
65,Zaraza,VE,9.3503,-65.3245,79.45,77,95,6.8,overcast clouds
66,Kaeo,NZ,-35.1,173.7833,71.33,97,100,5.7,overcast clouds
67,Dabakala,CI,8.3667,-4.4333,83.37,27,52,2.35,broken clouds
68,Buraydah,SA,26.326,43.975,57.65,31,53,6.26,broken clouds
69,Airai,TL,-8.9266,125.4092,61.12,90,100,1.61,overcast clouds
70,Kodiak,US,57.79,-152.4072,9.91,61,20,23.02,few clouds
71,Bambous Virieux,MU,-20.3428,57.7575,79.05,69,20,8.05,few clouds
72,Kawalu,ID,-7.3817,108.2082,72.86,97,100,1.97,overcast clouds
73,Berlevag,NO,70.8578,29.0864,26.55,86,40,16.11,scattered clouds
74,Kulhudhuffushi,MV,6.6221,73.07,82.17,75,88,8.95,overcast clouds
75,Omsukchan,RU,62.5333,155.8,-4.92,99,100,5.39,light snow
76,Kruisfontein,ZA,-34.0033,24.7314,69.89,87,100,7.72,overcast clouds
77,Esperance,AU,-33.8667,121.9,49.84,63,60,3.74,broken clouds
78,Namibe,AO,-15.1961,12.1522,70.74,79,44,2.71,scattered clouds
79,Domoni,KM,-12.2569,44.5319,78.69,80,99,5.68,overcast clouds
80,Emba,KZ,48.8264,58.1442,14.13,79,7,15.95,clear sky
81,Gazanjyk,TM,39.2446,55.5154,45.79,63,97,4.76,overcast clouds
82,Broome,US,42.2506,-75.833,45.63,47,1,4.0,clear sky
83,Pisco,PE,-13.7,-76.2167,73.45,68,40,13.8,scattered clouds
84,Baruun-Urt,MN,46.6806,113.2792,13.19,59,5,22.66,clear sky
85,Atuona,PF,-9.8,-139.0333,79.16,76,20,19.26,few clouds
86,Praya,CV,14.9215,-23.5087,75.74,69,98,11.5,overcast clouds
87,Yangambi,CD,0.8102,24.4336,73.09,90,100,2.73,overcast clouds
88,Tasiilaq,GL,65.6145,-37.6368,35.76,70,100,21.14,overcast clouds
89,Bossangoa,CF,6.4926,17.4552,79.66,33,47,2.35,scattered clouds
90,Arraial Do Cabo,BR,-22.9661,-42.0278,84.16,69,75,17.27,broken clouds
91,Nikolskoye,RU,59.7035,30.7861,23.4,98,100,5.03,light snow
92,Belyy Yar,RU,53.6039,91.3903,21.09,74,40,8.95,light shower snow
93,Sonoita,MX,31.85,-112.8333,70.54,20,29,4.27,scattered clouds
94,Yellowknife,CA,62.456,-114.3525,10.42,89,90,9.22,light snow
95,Alta Floresta,BR,-9.8756,-56.0861,89.42,62,40,5.75,scattered clouds
96,Palana,RU,59.1167,159.9667,16.45,76,100,16.15,overcast clouds
97,San Felipe,VE,10.3399,-68.7425,83.73,47,91,9.31,overcast clouds
98,Hokitika,NZ,-42.7167,170.9667,58.95,85,100,4.16,overcast clouds
99,Puerto Ayora,EC,-0.7393,-90.3518,78.76,89,99,7.7,overcast clouds
100,Thompson,CA,55.7435,-97.8558,1.56,78,90,3.44,light snow
101,Praia Da Vitoria,PT,38.7333,-27.0667,55.76,71,40,24.74,scattered clouds
102,Yakeshi,CN,49.2833,120.7333,6.24,80,100,8.08,overcast clouds
103,Klaksvik,FO,62.2266,-6.589,41.92,72,100,19.01,overcast clouds
104,Tarakan,ID,3.3,117.6333,79.02,83,100,4.27,overcast clouds
105,Tumut,AU,-35.3,148.2167,52.79,79,0,2.15,clear sky
106,Alofi,NU,-19.0595,-169.9187,78.69,78,10,6.91,clear sky
107,Buncrana,IE,55.1333,-7.45,56.97,80,100,26.51,overcast clouds
108,Petropavl,KZ,54.8753,69.1628,8.91,88,93,10.11,overcast clouds
109,Clyde River,CA,70.4692,-68.5914,-1.97,84,29,11.5,scattered clouds
110,Aksarka,RU,66.5606,67.7975,-6.16,100,85,1.9,overcast clouds
111,Husavik,IS,66.0449,-17.3389,40.91,79,100,16.58,overcast clouds
112,Palmer,US,42.1584,-72.3287,46.31,41,20,3.0,few clouds
113,Karratha,AU,-20.7377,116.8463,87.22,23,0,11.77,clear sky
114,Touros,BR,-5.1989,-35.4608,86.9,70,10,14.63,clear sky
115,Tura,IN,25.5198,90.2201,56.62,73,0,4.03,clear sky
116,Qaanaaq,GL,77.484,-69.3632,-3.32,69,60,2.71,broken clouds
117,Port Elizabeth,ZA,-33.918,25.5701,72.1,83,90,5.75,overcast clouds
118,Port-Cartier,CA,50.0334,-66.8654,30.74,69,100,22.77,overcast clouds
119,Codrington,AU,-38.2667,141.9667,66.83,41,91,9.71,overcast clouds
120,Sitka,US,57.0531,-135.33,33.69,80,90,5.75,light snow
121,Sur,OM,22.5667,59.5289,71.44,60,0,6.24,clear sky
122,Tuktoyaktuk,CA,69.4541,-133.0374,-4.0,77,90,16.11,light snow
123,Comodoro Rivadavia,AR,-45.8667,-67.5,57.06,77,90,4.61,light rain
124,Bambanglipuro,ID,-7.95,110.2833,60.6,86,93,3.11,overcast clouds
125,Dudinka,RU,69.4058,86.1778,-20.38,92,99,5.73,overcast clouds
126,Dali,CN,25.7,100.1833,44.82,80,4,1.68,clear sky
127,Pangnirtung,CA,66.1451,-65.7125,-0.4,65,20,2.3,few clouds
128,Bowen,AU,-20.0167,148.2333,73.62,77,9,11.07,clear sky
129,New Norfolk,AU,-42.7826,147.0587,53.92,74,24,2.59,few clouds
130,Hithadhoo,MV,-0.6,73.0833,81.18,77,100,10.85,overcast clouds
131,Upernavik,GL,72.7868,-56.1549,6.4,93,100,10.13,overcast clouds
132,Boa Vista,BR,2.8197,-60.6733,85.98,66,75,9.22,broken clouds
133,Batamshinskiy,KZ,50.5594,58.2747,4.98,91,5,8.59,clear sky
134,Avarua,CK,-21.2078,-159.775,73.45,100,75,4.61,light rain
135,Iqaluit,CA,63.7506,-68.5145,6.53,65,75,5.01,broken clouds
136,Ilulissat,GL,69.2167,-51.1,17.62,73,90,5.75,overcast clouds
137,Honiara,SB,-9.4333,159.95,79.9,89,100,3.71,overcast clouds
138,Fairbanks,US,64.8378,-147.7164,-9.78,70,1,0.0,light snow
139,Busselton,AU,-33.65,115.3333,50.04,75,100,9.73,overcast clouds
140,Tosya,TR,41.0155,34.0401,45.66,59,0,1.9,clear sky
141,Bethel,US,41.3712,-73.414,47.32,37,1,4.0,clear sky
142,Mao,ES,39.8885,4.2658,46.96,87,20,2.3,few clouds
143,Rio Grande,BR,-32.035,-52.0986,86.11,67,0,16.53,clear sky
144,Santa Catarina De Tepehuanes,MX,25.35,-105.7333,72.72,25,52,18.52,broken clouds
145,Port Alfred,ZA,-33.5906,26.891,70.75,93,100,16.75,light rain
146,Khor,RU,47.8861,134.9464,6.87,90,100,13.47,overcast clouds
147,La Algaba,ES,37.4637,-6.0129,63.64,65,0,3.0,clear sky
148,Sinnamary,GF,5.3833,-52.95,77.16,91,100,11.95,light rain
149,Prenzlau,DE,53.3167,13.8667,36.21,99,100,7.63,overcast clouds
150,Olafsvik,IS,64.8945,-23.7142,42.35,88,100,22.44,heavy intensity rain
151,Marystown,CA,47.1666,-55.1483,50.86,100,100,7.0,overcast clouds
152,San Patricio,US,28.017,-97.5169,65.01,30,0,5.68,clear sky
153,Qasigiannguit,GL,68.8193,-51.1922,17.85,93,100,5.57,overcast clouds
154,Hasaki,JP,35.7333,140.8333,45.0,58,13,15.95,few clouds
155,Gushikawa,JP,26.3544,127.8686,67.62,77,90,12.66,mist
156,Kapaa,US,22.0752,-159.319,78.12,74,20,1.99,few clouds
157,Marsh Harbour,BS,26.5412,-77.0636,77.11,75,7,9.62,clear sky
158,Ewa Beach,US,21.3156,-158.0072,78.75,72,75,15.01,broken clouds
159,Torbay,CA,47.6666,-52.7314,56.75,91,90,37.98,light intensity drizzle
160,Olga,RU,43.7444,135.2892,14.4,52,6,22.08,clear sky
161,Umm Kaddadah,SD,13.6017,26.6876,73.4,28,16,11.45,few clouds
162,Yarada,IN,17.65,83.2667,75.52,83,40,2.3,mist
163,Vostok,RU,46.4856,135.8833,2.66,96,100,8.57,light snow
164,Les Cayes,HT,18.2,-73.75,82.78,63,63,3.09,broken clouds
165,San Jose,US,37.3394,-121.895,57.06,66,75,4.0,broken clouds
166,Vestmannaeyjar,IS,63.4427,-20.2734,44.31,69,100,22.08,overcast clouds
167,Nuuk,GL,64.1835,-51.7216,20.01,86,20,20.71,light shower snow
168,Jalu,LY,29.0331,21.5482,57.42,41,5,8.41,clear sky
169,Vila Velha,BR,-20.3297,-40.2925,84.15,83,0,11.99,clear sky
170,Vila Franca Do Campo,PT,37.7167,-25.4333,57.61,62,100,20.96,overcast clouds
171,Mezen,RU,65.8522,44.24,18.99,88,100,8.75,overcast clouds
172,Hambantota,LK,6.1241,81.1185,79.03,79,100,14.56,overcast clouds
173,Jimma,ET,7.6667,36.8333,59.58,42,95,1.43,overcast clouds
174,Lorengau,PG,-2.0226,147.2712,82.08,83,100,13.04,overcast clouds
175,Northam,GB,51.0333,-4.2167,54.01,86,97,20.58,overcast clouds
176,Dolinsk,RU,47.35,142.8,30.06,88,100,2.42,overcast clouds
177,Sirvintos,LT,55.05,24.95,29.21,88,100,5.5,overcast clouds
178,Kargasok,RU,59.0556,80.8572,-13.22,100,79,4.59,broken clouds
179,Illapel,CL,-31.6308,-71.1653,72.34,42,0,10.42,clear sky
180,Khatanga,RU,71.9667,102.5,-51.34,100,83,2.17,broken clouds
181,Lannion,FR,48.75,-3.4167,54.01,76,90,8.05,overcast clouds
182,Scarborough,GB,54.2797,-0.4044,54.09,90,92,7.0,overcast clouds
183,Pyu,MM,18.4833,96.4333,68.14,89,0,3.65,clear sky
184,Longyearbyen,SJ,78.2186,15.6401,31.84,80,75,17.27,broken clouds
185,Ayr,GB,55.4627,-4.6339,54.48,87,75,21.85,broken clouds
186,Elizabeth City,US,36.2946,-76.2511,52.02,37,0,9.71,clear sky
187,Rapar,IN,23.5667,70.6333,70.25,31,1,7.36,clear sky
188,Manono,CD,-7.3,27.4167,68.34,97,100,1.14,light rain
189,Saint-Georges,GD,12.0564,-61.7485,80.28,89,75,11.5,broken clouds
190,Teguise,ES,29.0605,-13.564,61.02,88,20,10.36,few clouds
191,Mayo,US,38.8876,-76.5119,52.21,35,1,5.01,clear sky
192,Cayenne,GF,4.9333,-52.3333,77.04,91,75,4.0,light rain
193,Shizuishan,CN,39.2333,106.7694,22.26,39,0,3.56,clear sky
194,Aripuana,BR,-9.1667,-60.6333,81.91,82,100,3.67,overcast clouds
195,Sovetskiy,RU,61.3614,63.5842,12.13,84,80,7.65,broken clouds
196,Poronaysk,RU,49.2167,143.1167,21.9,94,100,18.57,snow
197,Placido De Castro,BR,-10.3353,-67.1856,82.98,85,53,5.64,broken clouds
198,Hayden,US,47.766,-116.7866,39.49,78,40,11.5,scattered clouds
199,Loralai,PK,30.3705,68.598,43.03,28,0,2.73,clear sky
200,Cabo San Lucas,MX,22.8909,-109.9124,80.51,66,20,3.0,few clouds
201,Lyuban,BY,52.7985,28.0048,36.81,99,100,5.32,overcast clouds
202,Emerald,AU,-23.5333,148.1667,73.54,69,90,5.75,overcast clouds
203,Dikson,RU,73.5069,80.5464,-18.18,94,97,13.71,overcast clouds
204,Buala,SB,-8.145,159.5921,81.57,83,100,6.8,overcast clouds
205,Saskylakh,RU,71.9167,114.0833,-44.93,100,68,2.84,broken clouds
206,Krasnoselkup,RU,65.7,82.4667,-15.21,92,100,6.11,overcast clouds
207,Batetskiy,RU,58.6461,30.3027,30.11,99,100,4.27,light snow
208,Isla Mujeres,MX,21.2311,-86.731,84.25,65,84,9.35,broken clouds
209,Grindavik,IS,63.8424,-22.4338,41.47,93,75,24.16,broken clouds
210,Puerto Rondon,CO,6.2805,-71.1,91.56,38,90,11.05,overcast clouds
211,Nurobod,UZ,40.9056,69.8023,41.85,70,76,3.65,broken clouds
212,Calvinia,ZA,-31.4707,19.776,71.71,32,98,7.36,overcast clouds
213,Samarai,PG,-10.6167,150.6667,81.84,81,100,11.81,overcast clouds
214,Hovd,MN,48.0056,91.6419,9.34,58,100,3.4,overcast clouds
215,Balykshi,KZ,47.0667,51.8667,19.4,79,0,13.42,clear sky
216,Lingsugur,IN,16.1667,76.5167,74.55,66,100,8.77,overcast clouds
217,Carnarvon,AU,-24.8667,113.6333,69.87,73,0,16.11,clear sky
218,Athabasca,CA,54.7169,-113.2854,24.62,87,100,4.34,overcast clouds
219,Pincher Creek,CA,49.4833,-113.952,35.71,70,40,18.41,scattered clouds
220,Cap-Aux-Meules,CA,47.3821,-61.8597,37.42,56,75,31.07,broken clouds
221,Mathathane,BW,-22.2687,28.7495,84.51,35,100,11.36,overcast clouds
222,Urumqi,CN,43.801,87.6005,4.15,78,0,2.24,clear sky
223,Tarnogskiy Gorodok,RU,60.4997,43.5761,13.28,90,100,7.09,overcast clouds
224,Maraa,BR,-1.8333,-65.3667,84.6,70,88,5.48,overcast clouds
225,Carutapera,BR,-1.195,-46.02,84.4,69,28,9.75,scattered clouds
226,Katsuura,JP,35.1333,140.3,59.02,62,54,4.63,broken clouds
227,Wanning,CN,18.8003,110.3967,67.82,82,6,10.83,clear sky
228,Pacific Grove,US,36.6177,-121.9166,56.43,67,90,1.99,overcast clouds
229,Ulaanbaatar,MN,47.9077,106.8832,6.46,73,10,4.03,clear sky
230,Laguna,US,38.421,-121.4238,53.91,81,90,3.0,haze
231,Daru,PG,-9.0763,143.2092,76.78,92,99,10.45,overcast clouds
232,Falavarjan,IR,32.5553,51.5097,35.28,30,0,2.13,clear sky
233,San Pedro De Ycuamandiyu,PY,-24.0917,-57.0764,91.2,42,90,6.76,overcast clouds
234,Gerash,IR,27.6652,54.1371,46.54,30,0,1.41,clear sky
235,Safaga,EG,26.7292,33.9365,67.95,70,100,3.6,overcast clouds
236,Kudahuvadhoo,MV,2.6708,72.8944,81.32,74,100,9.8,overcast clouds
237,Heihe,CN,50.2441,127.4902,-3.42,88,18,4.36,few clouds
238,General Roca,AR,-39.0333,-67.5833,76.62,14,4,26.46,clear sky
239,Luderitz,NA,-26.6481,15.1594,62.94,84,3,14.0,clear sky
240,Salalah,OM,17.0151,54.0924,77.09,33,0,10.36,clear sky
241,Port-Gentil,GA,-0.7193,8.7815,79.54,79,100,2.71,overcast clouds
242,Nishihara,JP,26.1842,127.7558,67.68,80,75,14.97,mist
243,Cidreira,BR,-30.1811,-50.2056,73.9,77,0,11.68,clear sky
244,Souillac,MU,-20.5167,57.5167,79.18,69,20,8.05,few clouds
245,Saint-Gaudens,FR,43.0833,0.6667,48.13,84,19,5.44,few clouds
246,Stelle,DE,53.3842,10.1114,47.41,99,100,6.82,overcast clouds
247,Champerico,GT,14.3,-91.9167,89.29,67,1,8.14,clear sky
248,Svetlaya,RU,46.5389,138.3297,18.86,57,100,17.72,overcast clouds
249,Malindi,KE,-3.2175,40.1191,79.11,82,15,8.55,light rain
250,Paso De Carrasco,UY,-34.8603,-56.0522,75.65,76,75,4.61,broken clouds
251,Sao Filipe,CV,14.8961,-24.4956,75.54,68,78,6.73,broken clouds
252,Victoria,HK,22.2855,114.1577,66.38,66,53,1.01,broken clouds
253,Xining,CN,36.6167,101.7667,22.28,28,0,1.41,clear sky
254,Bhiwani,IN,28.7833,76.1333,55.38,41,1,4.85,clear sky
255,Batagay,RU,67.6333,134.6333,-40.67,100,97,1.63,overcast clouds
256,La Union,PE,-5.4,-80.75,78.91,54,12,16.93,few clouds
257,Gwadar,PK,25.1216,62.3254,71.01,56,21,8.75,few clouds
258,Beloha,MG,-25.1667,45.05,73.27,84,75,9.89,broken clouds
259,Fort Nelson,CA,58.8053,-122.7002,0.99,78,90,3.44,light snow
260,Great Falls,US,47.5002,-111.3008,46.69,62,90,17.27,overcast clouds
261,Thinadhoo,MV,0.5333,72.9333,80.31,76,97,6.85,overcast clouds
262,Lata,PT,40.1629,-8.3327,57.61,78,18,3.96,few clouds
263,Yulara,AU,-25.2406,130.9889,69.64,88,75,11.5,broken clouds
264,Derzhavinsk,KZ,51.1,66.3167,2.1,94,6,7.94,clear sky
265,Nadym,RU,65.5333,72.5167,-16.19,100,93,4.97,overcast clouds
266,Guymon,US,36.6828,-101.4816,71.55,7,1,17.27,clear sky
267,Kayes,ML,14.0,-11.0,85.35,11,41,4.47,scattered clouds
268,Tapachula,MX,14.9,-92.2833,86.0,60,0,7.45,clear sky
269,East London,ZA,-33.0153,27.9116,71.98,94,100,3.87,moderate rain
270,Bosaso,SO,11.2842,49.1816,76.12,72,2,7.47,clear sky
271,Trelleborg,SE,55.3751,13.1569,41.95,95,100,9.86,overcast clouds
272,Aitape,PG,-3.1374,142.3475,78.71,88,100,5.55,moderate rain
273,Skjervoy,NO,70.0311,20.9714,32.18,97,100,11.16,light snow
274,Ajaccio,FR,42.0,8.9167,41.05,75,0,6.91,clear sky
275,Fukue,JP,32.6881,128.8419,46.8,69,56,27.56,broken clouds
276,Briancon,FR,44.9,6.65,34.95,75,4,1.95,clear sky
277,Ponta Do Sol,PT,32.6667,-17.1,67.01,78,68,2.42,broken clouds
278,Oranjestad,AW,12.524,-70.027,84.15,70,75,10.36,broken clouds
279,Asau,RO,46.4333,26.4,39.96,85,100,4.03,overcast clouds
280,Moramanga,MG,-18.9333,48.2,63.5,91,60,2.37,broken clouds
281,Thaba-Tseka,LS,-29.522,28.6084,59.83,70,100,3.58,light rain
282,Zhigansk,RU,66.7697,123.3711,-39.19,100,99,5.17,overcast clouds
283,Kasempa,ZM,-13.4584,25.8338,71.69,48,82,5.37,broken clouds
284,Nelson Bay,AU,-32.7167,152.15,65.95,85,88,1.99,overcast clouds
285,Lipin Bor,RU,60.2622,37.9763,20.19,95,98,8.1,overcast clouds
286,Redcliffe,AU,-27.2307,153.0973,69.15,88,20,8.05,few clouds
287,Port Shepstone,ZA,-30.7414,30.455,73.83,91,100,4.63,overcast clouds
288,Chuy,UY,-33.6971,-53.4616,76.33,61,0,14.99,clear sky
289,Kashi,CN,39.4547,75.9797,22.21,58,8,8.95,clear sky
290,Grand Gaube,MU,-20.0064,57.6608,79.2,67,100,1.01,overcast clouds
291,Salamanca,ES,40.8333,-6.0,44.38,78,12,4.14,few clouds
292,Bandarbeyla,SO,9.4942,50.8122,76.86,78,7,22.7,clear sky
293,Mercedes,AR,-34.6515,-59.4307,82.85,54,96,8.48,overcast clouds
294,Copiapo,CL,-27.3667,-70.3333,65.89,33,0,12.12,clear sky
295,La Ronge,CA,55.1001,-105.2842,8.85,85,90,2.3,overcast clouds
296,Bathsheba,BB,13.2167,-59.5167,81.21,89,75,16.11,broken clouds
297,Sisimiut,GL,66.9395,-53.6735,16.25,89,84,8.57,broken clouds
298,Ko Samui,TH,9.5357,99.9357,80.51,68,12,10.92,few clouds
299,Trairi,BR,-3.2778,-39.2689,83.46,69,72,13.62,broken clouds
300,Oriximina,BR,-1.7656,-55.8661,81.05,87,99,1.99,overcast clouds
301,Kyren,RU,51.6828,102.1408,16.21,76,96,2.46,overcast clouds
302,Coahuayana,MX,18.7333,-103.6833,88.95,54,35,6.8,scattered clouds
303,Vanimo,PG,-2.6741,141.3028,78.55,88,100,6.08,overcast clouds
304,Tessalit,ML,20.1986,1.0114,73.09,8,2,8.48,clear sky
305,Mogadishu,SO,2.0371,45.3438,79.56,84,85,20.33,overcast clouds
306,Bonfim,BR,3.0833,-59.95,86.02,61,100,6.89,overcast clouds
307,Port Lincoln,AU,-34.7333,135.8667,59.97,77,88,15.77,overcast clouds
308,Poum,NC,-20.2333,164.0167,77.67,89,100,13.91,overcast clouds
309,Lincoln,US,40.8,-96.667,55.02,38,1,5.99,clear sky
310,Guerrero Negro,MX,27.9769,-114.0611,68.23,43,64,8.43,broken clouds
311,Lavrentiya,RU,65.5833,-171.0,-13.83,85,2,3.76,clear sky
312,Vao,NC,-22.6667,167.4833,77.38,90,100,17.18,overcast clouds
313,Plettenberg Bay,ZA,-34.0527,23.3716,65.73,88,94,5.03,overcast clouds
314,Muros,ES,42.7762,-9.0603,54.23,94,89,4.56,overcast clouds
315,Takab,IR,36.4009,47.1133,35.91,33,0,2.48,clear sky
316,Poninka,UA,50.1849,27.5363,39.81,96,100,8.79,overcast clouds
317,Sibolga,ID,1.7427,98.7792,76.14,90,100,2.3,overcast clouds
318,Nizwa,OM,22.9333,57.5333,64.69,44,4,3.6,clear sky
319,Chum Phae,TH,16.5443,102.0992,69.75,64,98,5.3,overcast clouds
320,Mocuba,MZ,-16.8392,36.9856,82.6,60,0,8.23,clear sky
321,Margate,GB,51.3813,1.3862,52.97,88,100,1.99,overcast clouds
322,Mount Isa,AU,-20.7333,139.5,79.02,17,3,9.15,clear sky
323,Puerto Suarez,BO,-18.95,-57.8,75.76,88,40,9.22,scattered clouds
324,La Reforma,MX,25.0833,-108.05,85.75,47,84,7.78,broken clouds
325,Amahai,ID,-3.3333,128.9167,79.45,82,97,2.98,overcast clouds
326,San Juan,AR,-31.5375,-68.5364,81.48,35,3,19.53,clear sky
327,Boyolangu,ID,-8.1181,111.8935,76.35,90,95,3.85,overcast clouds
328,Viedma,AR,-40.8135,-62.9967,76.64,14,68,25.46,broken clouds
329,Mount Gambier,AU,-37.8333,140.7667,62.51,45,9,9.22,clear sky
330,Kangundo,KE,-1.2979,37.3471,57.76,95,100,1.9,overcast clouds
331,Itarema,BR,-2.9248,-39.9167,83.59,67,18,18.03,few clouds
332,Samsun,TR,41.25,36.3333,56.98,40,0,1.14,clear sky
333,Alekseyevka,RU,50.6309,38.6903,29.23,61,100,12.35,overcast clouds
334,Bhaderwah,IN,32.9784,75.7186,40.35,30,98,3.42,overcast clouds
335,Vung Tau,VN,10.346,107.0843,76.42,84,35,8.25,scattered clouds
336,Redmond,US,47.674,-122.1215,44.1,79,100,1.01,overcast clouds
337,Huttwil,CH,47.115,7.8621,34.7,82,44,2.33,scattered clouds
338,Maldonado,UY,-34.6667,-54.9167,85.39,49,43,15.05,scattered clouds
339,Rio Gallegos,AR,-51.6226,-69.2181,55.45,26,40,39.12,scattered clouds
340,Ayagoz,KZ,47.9714,80.4392,21.2,95,100,3.11,light snow
341,Hobyo,SO,5.3505,48.5268,78.69,81,65,20.38,broken clouds
342,Roebourne,AU,-20.7833,117.1333,87.48,23,0,11.3,clear sky
343,Arman,RU,59.7,150.1667,10.02,94,100,9.35,light snow
344,Virginia Beach,US,36.8529,-75.978,52.02,41,1,3.0,clear sky
345,Harper,LR,4.375,-7.7169,80.13,82,63,7.85,broken clouds
346,Natal,BR,-5.795,-35.2094,86.65,74,40,18.41,scattered clouds
347,Diamantino,BR,-14.4086,-56.4461,82.35,77,100,7.43,moderate rain
348,Nome,US,64.5011,-165.4064,-7.53,55,1,8.05,clear sky
349,Sabalgarh,IN,26.25,77.4,55.98,48,0,2.95,clear sky
350,Mamboma,SL,8.0833,-11.6833,77.88,79,31,2.84,light rain
351,Tiznit,MA,29.5833,-9.5,62.35,34,94,3.06,overcast clouds
352,Abnub,EG,27.2696,31.1511,66.42,40,88,5.17,overcast clouds
353,Lagos,NG,6.5833,3.75,84.52,82,16,5.01,few clouds
354,Komsomolskiy,UZ,40.4272,71.7189,35.02,59,10,4.61,haze
355,Moron,AR,-34.6534,-58.6198,80.94,72,100,6.35,overcast clouds
356,Suntar,RU,62.1444,117.6319,-14.71,95,100,5.93,overcast clouds
357,Ahipara,NZ,-35.1667,173.1667,69.46,94,100,5.95,heavy intensity rain
358,Dingle,PH,10.9995,122.6711,75.49,92,100,7.7,overcast clouds
359,Lujiang,CN,31.2581,117.2817,37.45,68,11,5.73,few clouds
360,Svetlyy,RU,54.675,20.1347,30.25,93,100,9.42,overcast clouds
361,Finspang,SE,58.7058,15.7674,31.96,98,74,2.84,broken clouds
362,Leningradskiy,RU,69.3833,178.4167,-32.03,92,3,4.09,clear sky
363,San Policarpo,PH,12.1791,125.5072,79.79,86,100,18.97,overcast clouds
364,Osakarovka,KZ,50.565,72.5692,-4.65,100,19,4.9,few clouds
365,Oltu,TR,40.5498,42.0013,36.43,48,6,5.79,clear sky
366,Igarka,RU,67.4667,86.5833,-16.53,89,100,2.39,overcast clouds
367,Isangel,VU,-19.55,169.2667,80.71,89,90,0.0,light rain
368,Tautira,PF,-17.7333,-149.15,84.22,79,72,11.25,light rain
369,Colesberg,ZA,-30.72,25.0972,63.66,76,93,10.31,moderate rain
370,Hamilton,US,39.1834,-84.5333,49.98,45,1,1.01,clear sky
371,Sept-Iles,CA,50.2001,-66.3821,31.05,70,75,13.0,broken clouds
372,Robertsport,LR,6.7533,-11.3686,81.68,79,7,8.97,clear sky
373,Sobolevo,RU,54.4299,31.8996,33.21,95,100,10.51,overcast clouds
374,Zabaykalsk,RU,49.6333,117.3167,6.42,87,100,4.65,overcast clouds
375,La Palma,US,33.8464,-118.0467,68.76,47,20,1.99,few clouds
376,Nhulunbuy,AU,-12.2333,136.7667,75.81,83,60,0.0,broken clouds
377,Te Anau,NZ,-45.4167,167.7167,54.52,74,70,0.34,broken clouds
378,Pokhara,NP,28.2333,83.9833,52.68,44,3,4.81,clear sky
379,Namatanai,PG,-3.6667,152.4333,78.93,85,100,2.91,light rain
380,Hurghada,EG,27.2574,33.8129,68.04,60,0,0.0,clear sky
381,Nemuro,JP,43.3236,145.575,36.97,69,8,27.92,clear sky
382,Necochea,AR,-38.5473,-58.7368,73.04,49,100,16.35,overcast clouds
383,Tateyama,JP,34.9833,139.8667,58.93,55,40,9.22,scattered clouds
384,Provideniya,RU,64.3833,-173.3,-11.69,90,51,5.7,broken clouds
385,Kirakira,SB,-10.4544,161.9205,81.91,85,95,12.68,overcast clouds
386,Todos Santos,MX,23.45,-110.2167,80.01,70,31,6.46,scattered clouds
387,Yenagoa,NG,4.9247,6.2642,81.88,78,61,5.86,broken clouds
388,Mpika,ZM,-11.8343,31.4529,71.28,47,60,7.92,broken clouds
389,Tiksi,RU,71.6872,128.8694,-18.67,100,100,1.79,overcast clouds
390,Ndele,CF,8.4109,20.6473,79.7,26,4,4.52,clear sky
391,Mae Hong Son,TH,19.3003,97.9685,66.09,87,15,1.86,few clouds
392,Beidao,CN,34.5686,105.8933,30.72,72,11,3.53,few clouds
393,San Cristobal,VE,7.7669,-72.225,78.98,45,61,4.83,broken clouds
394,Sakakah,SA,29.9697,40.2064,60.37,35,100,8.55,overcast clouds
395,Racine,US,42.7495,-88.0751,48.67,48,61,10.0,broken clouds
396,Los Llanos De Aridane,ES,28.6585,-17.9182,62.35,76,75,7.0,broken clouds
397,Rawson,AR,-43.3002,-65.1023,71.29,26,85,27.34,overcast clouds
398,Rocha,UY,-34.4833,-54.3333,77.85,56,51,14.0,broken clouds
399,Malakal,SS,9.5334,31.6605,81.01,25,66,5.35,broken clouds
400,Birao,CF,10.2849,22.7882,75.61,27,72,5.61,broken clouds
401,Korla,CN,41.7597,86.1469,18.72,71,38,2.91,scattered clouds
402,Elliot Lake,CA,46.3834,-82.6331,39.29,79,13,15.82,few clouds
403,Bengkulu,ID,-3.8004,102.2655,75.29,90,99,4.0,moderate rain
404,Sidney,AU,-33.8679,151.2073,62.31,75,75,7.0,broken clouds
405,Yellandu,IN,17.6,80.3333,68.31,82,71,2.01,broken clouds
406,Reconquista,AR,-29.15,-59.65,97.21,29,28,7.31,scattered clouds
407,Camocim,BR,-2.9022,-40.8411,85.37,65,23,20.2,few clouds
408,Tarabuco,BO,-19.1667,-64.9167,68.92,21,13,2.66,few clouds
409,Roma,US,43.2128,-75.4557,46.26,46,1,1.99,clear sky
410,Bellingham,US,48.7595,-122.4882,43.14,80,90,5.01,overcast clouds
411,Raudeberg,NO,61.9875,5.1352,43.47,89,99,5.01,overcast clouds
412,Dole,FR,47.0833,5.5,41.5,87,40,1.14,scattered clouds
413,Bayan,CN,46.0833,127.4,-2.34,94,18,5.59,few clouds
414,Sandpoint,US,48.2766,-116.5533,38.86,78,90,1.01,overcast clouds
415,Antalaha,MG,-14.9003,50.2788,73.22,90,100,6.71,light rain
416,Kathmandu,NP,27.7167,85.3167,44.82,87,20,3.44,few clouds
417,Ojinaga,MX,29.5667,-104.4167,70.57,27,1,0.0,clear sky
418,College,US,64.8569,-147.8028,-9.8,69,75,3.44,light snow
419,Byron Bay,AU,-28.65,153.6167,70.05,83,95,8.03,overcast clouds
420,Lewiston,US,44.1003,-70.2148,45.75,34,1,25.32,clear sky
421,Canton,CN,23.1167,113.25,62.01,59,0,12.1,clear sky
422,Berbera,SO,10.4396,45.0143,76.41,71,0,8.03,clear sky
423,Koindu,GN,8.4386,-10.3253,78.94,54,74,1.07,broken clouds
424,Naze,JP,28.3667,129.4833,61.86,69,62,15.5,broken clouds
425,Henties Bay,NA,-22.116,14.2845,62.85,86,0,6.06,clear sky
426,Naqadeh,IR,36.9553,45.388,38.26,66,0,1.86,clear sky
427,Kavieng,PG,-2.5744,150.7967,83.12,77,100,6.02,overcast clouds
428,Riyadh,SA,24.6877,46.7219,57.34,27,26,6.67,scattered clouds
429,Ingraj Bazar,IN,25.0,88.15,60.53,37,0,6.11,clear sky
430,Axim,GH,4.8699,-2.2405,80.58,83,55,8.57,broken clouds
431,Kibala,TD,9.1104,18.3463,78.75,53,0,0.0,clear sky
432,Neftcala,AZ,39.3742,49.2472,50.54,80,100,11.1,overcast clouds
433,Zheleznodorozhnyy,RU,55.7503,38.0042,27.12,94,100,7.87,overcast clouds
434,Barreirinhas,BR,-2.7469,-42.8264,84.52,66,30,12.01,scattered clouds
435,Taoudenni,ML,22.6783,-3.9836,71.19,13,84,12.24,broken clouds
436,Kapuskasing,CA,49.4169,-82.4331,35.69,80,75,13.8,broken clouds
437,Malaya Purga,RU,56.5567,53.0043,0.5,95,72,3.69,broken clouds
438,Laja,CL,-37.2667,-72.7,70.09,25,23,10.69,few clouds
439,Roald,NO,62.5833,6.1333,44.74,70,40,8.05,scattered clouds
440,Orodara,BF,10.9492,-4.9342,77.38,20,9,3.98,clear sky
441,Boca Do Acre,BR,-8.7522,-67.3978,84.79,74,100,5.5,overcast clouds
442,Cape Canaveral,US,28.4058,-80.6048,84.45,72,1,5.75,clear sky
443,Saqqez,IR,36.2499,46.2735,35.58,65,0,1.5,clear sky
444,Arlit,NE,18.7369,7.3853,72.59,7,70,8.75,broken clouds
445,Lagoa,PT,39.05,-27.9833,57.76,51,100,25.48,overcast clouds
446,Werda,BW,-25.2667,23.2833,74.88,61,85,15.19,overcast clouds
447,Beira,MZ,-19.8436,34.8389,82.49,83,0,17.0,clear sky
448,Vemalwada,IN,18.4667,78.8833,66.87,60,69,2.57,broken clouds
449,Goderich,CA,43.7501,-81.7165,44.91,58,0,24.09,clear sky
450,Egvekinot,RU,66.3167,-179.1667,-24.65,86,1,5.97,clear sky
451,Hirara,JP,24.8,125.2833,70.52,75,100,27.47,overcast clouds
452,Masjid Tanah,MY,2.3455,102.1107,77.0,88,20,2.3,few clouds
453,Tommot,RU,58.9564,126.2925,-31.2,99,71,2.06,broken clouds
454,Ornskoldsvik,SE,63.2909,18.7153,32.95,100,90,5.75,overcast clouds
455,Shuyskoye,RU,59.3736,41.0305,18.19,94,100,7.31,overcast clouds
456,Nador,MA,35.174,-2.9287,57.45,88,0,1.14,clear sky
457,Katherine,AU,-14.4667,132.2667,80.92,69,71,5.75,broken clouds
458,Moca,DO,19.5,-70.5,77.59,72,40,9.22,scattered clouds
459,Trinidad,BO,-14.8333,-64.9,84.18,89,20,17.27,few clouds
460,Smithers,CA,54.7804,-127.1743,10.72,92,20,4.61,few clouds
461,Auki,SB,-8.7676,160.7034,78.98,88,92,7.0,overcast clouds
462,Santa Vitoria Do Palmar,BR,-33.5189,-53.3681,76.68,59,0,14.9,clear sky
463,Ngaoundere,CM,7.3167,13.5833,71.44,24,97,4.68,overcast clouds
464,Romodanovo,RU,54.4275,45.3296,19.45,75,55,7.67,broken clouds
465,Kuopio,FI,62.8924,27.677,26.55,93,40,2.3,light snow
466,Ramos Arizpe,MX,25.55,-100.9667,73.65,31,1,1.79,clear sky
467,Kysyl-Syr,RU,63.8986,122.7617,-21.86,98,100,6.17,overcast clouds
468,Beitbridge,ZW,-22.2167,30.0,89.64,26,100,7.74,overcast clouds
469,Puquio,PE,-14.7,-74.1333,58.41,61,57,15.21,broken clouds
470,Turayf,SA,31.6725,38.6637,55.65,54,0,13.8,clear sky
471,Mnogovershinnyy,RU,53.9353,139.9242,20.43,95,100,15.3,snow
472,Yeovil,GB,50.9416,-2.6321,55.02,87,75,4.0,broken clouds
473,Washington,US,47.5001,-120.5015,38.89,77,99,2.08,overcast clouds
474,Kupang,ID,-10.1667,123.5833,79.3,88,100,3.33,overcast clouds
475,Mehamn,NO,71.0357,27.8492,30.38,94,100,10.42,light snow
476,Venice,US,27.0998,-82.4543,87.28,75,1,8.05,clear sky
477,Manzhouli,CN,49.6,117.4333,6.71,86,100,4.74,overcast clouds
478,Dhidhdhoo,MV,6.8833,73.1,82.17,74,72,7.67,broken clouds
479,Oranjemund,NA,-28.55,16.4333,62.78,90,28,5.1,scattered clouds
480,Rabo De Peixe,PT,37.8,-25.5833,56.71,93,20,13.8,few clouds
481,Pevek,RU,69.7008,170.3133,-33.54,97,16,0.4,few clouds
482,Katima Mulilo,NA,-17.5,24.2667,79.5,52,100,8.7,overcast clouds
483,Cockburn Town,TC,21.4612,-71.1419,82.36,69,40,11.5,scattered clouds
484,Iquitos,PE,-3.7481,-73.2472,93.24,55,75,9.22,broken clouds
485,Flagstaff,US,35.1981,-111.6513,51.12,35,1,10.36,clear sky
486,Hurricane,US,37.1753,-113.2899,57.54,24,2,3.09,clear sky
487,Bongandanga,CD,1.5,21.05,75.56,85,100,2.84,overcast clouds
488,Bilma,NE,18.6853,12.9164,68.13,11,19,8.9,few clouds
489,Takoradi,GH,4.8845,-1.7554,81.0,83,99,8.75,overcast clouds
490,Businga,CD,3.3333,20.8833,78.75,56,100,2.06,overcast clouds
491,Kamenka,RU,51.3223,42.7678,19.74,68,25,12.57,scattered clouds
492,Springbok,ZA,-29.6643,17.8865,63.9,49,78,6.85,broken clouds
493,Akdagmadeni,TR,39.6603,35.8836,40.42,54,0,4.61,clear sky
494,Kang,BW,-23.6752,22.7876,72.82,66,100,8.08,overcast clouds
495,Chokurdakh,RU,70.6333,147.9167,-37.95,97,98,2.04,overcast clouds
496,Saint-Joseph,RE,-21.3667,55.6167,77.38,76,79,14.38,broken clouds
497,Padang,ID,-0.9492,100.3543,77.43,87,100,3.13,overcast clouds
498,Yima,CN,34.7381,111.8839,33.01,62,1,3.51,clear sky
499,San Quintin,MX,30.4833,-115.95,63.81,52,0,9.86,clear sky
500,Nyazepetrovsk,RU,56.0531,59.6028,5.9,96,100,3.22,overcast clouds
501,Tenosique,MX,17.4833,-91.4333,84.54,62,2,5.64,clear sky
502,Panguna,PG,-6.3164,155.4848,71.37,94,93,1.92,overcast clouds
503,Camacupa,AO,-12.0167,17.4833,63.63,97,100,5.21,light rain
504,Veraval,IN,20.9,70.3667,74.62,60,0,3.47,clear sky
505,Tual,ID,-5.6667,132.75,84.78,71,92,11.59,overcast clouds
506,Puerto Escondido,MX,15.85,-97.0667,88.63,58,1,6.91,clear sky
507,Garissa,KE,-0.4536,39.6401,81.97,60,99,9.69,overcast clouds
508,Jumla,NP,29.2747,82.1838,37.51,39,73,5.55,broken clouds
509,Ende,ID,-8.8432,121.6623,78.98,89,100,1.97,overcast clouds
510,Kumta,IN,14.4167,74.4,79.68,60,83,7.54,broken clouds
511,Amga,RU,60.8953,131.9608,-19.68,98,100,2.35,overcast clouds
512,Alyangula,AU,-13.8483,136.4192,71.47,100,99,1.14,overcast clouds
513,Ures,MX,29.4333,-110.4,77.07,27,6,3.98,clear sky
514,Marovoay,MG,-16.1,46.6333,82.54,68,56,2.15,broken clouds
515,Petropavlovsk-Kamchatskiy,RU,53.0452,158.6483,27.19,69,75,4.47,broken clouds
516,Skibbereen,IE,51.55,-9.2667,49.8,85,74,23.89,broken clouds
517,Wajir,KE,1.7471,40.0573,83.93,49,80,10.47,broken clouds
518,Nsanje,MW,-16.92,35.262,85.82,56,98,4.92,overcast clouds
519,Horsham,GB,51.064,-0.3272,53.58,90,75,9.22,broken clouds
520,Keflavik,IS,64.0049,-22.5624,41.43,93,75,24.16,broken clouds
521,Ler,SS,8.3018,30.1418,80.29,27,73,5.35,broken clouds
522,San Angelo,US,31.4638,-100.437,66.88,19,1,4.0,clear sky
523,Micheweni,TZ,-4.9667,39.8333,78.8,84,27,9.46,light rain
524,Cavalcante,BR,-13.7975,-47.4583,77.31,82,100,2.59,heavy intensity rain
525,Ponta Delgada,PT,37.7333,-25.6667,57.92,62,20,13.8,few clouds
526,Ketchikan,US,55.3422,-131.6461,36.07,55,20,11.5,few clouds
527,Banda Aceh,ID,5.5577,95.3222,78.04,84,17,11.07,few clouds
528,Eldorado,BR,-23.7869,-54.2836,73.15,87,100,12.21,overcast clouds
529,Hove,GB,50.8309,-0.1672,53.56,90,75,15.01,broken clouds
530,Garhi Khairo,PK,28.0606,67.9803,62.51,22,100,3.71,overcast clouds
531,Gigmoto,PH,13.7796,124.39,78.85,87,83,17.22,broken clouds
532,Portland,US,45.5234,-122.6762,44.83,91,75,3.0,broken clouds
533,Dunedin,NZ,-45.8742,170.5036,55.4,68,37,2.35,scattered clouds
534,Belmonte,BR,-15.8631,-38.8828,84.2,73,88,9.08,overcast clouds
535,Manakara,MG,-22.1333,48.0167,73.89,83,0,4.79,clear sky
536,Siverek,TR,37.755,39.3167,43.41,47,100,4.03,overcast clouds
537,Houston,US,29.7633,-95.3633,63.3,47,1,1.99,clear sky
538,Coolum Beach,AU,-26.5333,153.1,71.33,94,27,10.47,scattered clouds
539,Seoul,KR,37.5683,126.9778,26.04,54,0,9.22,clear sky
540,Indramayu,ID,-6.3264,108.32,80.94,79,100,1.48,overcast clouds
541,Togur,RU,58.3631,82.8265,-7.49,100,93,3.22,overcast clouds
542,Mandera,KE,3.9366,41.867,90.36,31,97,7.52,overcast clouds
543,Kalmunai,LK,7.4167,81.8167,77.31,89,100,7.31,overcast clouds
544,Road Town,VG,18.4167,-64.6167,82.49,78,40,8.05,scattered clouds
545,Ulaangom,MN,49.9811,92.0667,-3.84,92,100,3.89,overcast clouds
546,Sao Raimundo Nonato,BR,-9.0153,-42.6994,85.1,57,100,1.43,overcast clouds
547,Charters Towers,AU,-20.1,146.2667,74.53,80,85,9.1,overcast clouds
548,Grootfontein,NA,-19.5667,18.1167,71.17,53,93,3.44,overcast clouds
549,Salamiyah,SY,35.0113,37.0532,57.74,44,99,9.66,overcast clouds
550,Ostersund,SE,63.1792,14.6357,30.65,93,90,8.05,overcast clouds
551,Tazovskiy,RU,67.4667,78.7,-22.54,91,83,6.15,broken clouds
552,Aberdeen,GB,57.1437,-2.0981,47.19,100,90,6.91,overcast clouds
553,Bilibino,RU,68.0546,166.4372,-36.31,96,13,5.06,few clouds
554,Anadyr,RU,64.75,177.4833,-30.5,75,40,11.18,light snow
555,Cocora,RO,44.7333,27.05,46.63,80,89,11.27,overcast clouds
556,Okhotsk,RU,59.3833,143.3,-0.92,76,100,18.14,overcast clouds
557,Sonamura,IN,23.4719,91.2664,58.28,61,0,5.19,clear sky
558,Kindu,CD,-2.95,25.95,70.72,94,100,1.86,overcast clouds
559,Deputatskiy,RU,69.3,139.9,-29.83,98,99,1.1,overcast clouds
560,Popondetta,PG,-8.7537,148.2534,72.72,95,100,3.15,moderate rain
561,Vicuna,CL,-30.0319,-70.7081,60.53,37,1,10.6,clear sky
562,Joshimath,IN,30.5667,79.5667,42.6,38,100,6.51,overcast clouds
563,Diffa,NE,13.3154,12.6113,75.79,18,100,8.9,overcast clouds
564,Morant Bay,JM,17.8815,-76.4093,87.62,67,12,7.25,few clouds
565,Tabou,CI,4.423,-7.3528,80.19,82,14,7.54,few clouds
566,Great Yarmouth,GB,52.6083,1.7305,53.94,87,100,11.01,overcast clouds
567,Borogontsy,RU,62.6683,131.1683,-32.82,100,96,2.53,overcast clouds
568,Nouadhibou,MR,20.931,-17.0347,69.78,64,0,13.8,clear sky
569,Araouane,ML,18.9048,-3.5265,73.85,8,21,7.85,few clouds
570,Ferkessedougou,CI,9.6,-5.2,82.6,19,6,3.65,clear sky
571,Hare Bay,CA,48.8499,-54.0148,49.6,83,100,20.96,overcast clouds
572,Benguela,AO,-12.5763,13.4055,78.51,80,77,6.17,broken clouds
573,Eregli,TR,37.5133,34.0467,47.82,38,95,3.51,overcast clouds
574,Cap-Chat,CA,49.1001,-66.6821,33.8,64,100,42.57,overcast clouds
575,Naryan-Mar,RU,67.6713,53.087,18.91,96,100,7.72,overcast clouds
576,Miami,US,25.7743,-80.1937,85.01,67,40,4.0,light rain
577,Vanavara,RU,60.34,102.2797,-35.84,99,31,3.44,scattered clouds
578,Catemaco,MX,18.4167,-95.1167,69.26,91,94,10.31,overcast clouds
579,Mehran,IR,33.1222,46.1646,58.48,26,100,7.0,overcast clouds
580,Okakarara,NA,-20.5833,17.4333,71.62,62,99,6.73,overcast clouds
581,Barrancas,CO,10.9576,-72.7877,82.65,34,55,9.19,broken clouds
582,Bela,IN,25.9333,81.9833,58.01,53,0,2.98,clear sky
583,Talnakh,RU,69.4865,88.3972,-20.79,88,100,0.25,overcast clouds
584,Dobson,US,36.3957,-80.7226,53.55,32,0,3.44,clear sky
585,Pokrovsk,UA,48.282,37.1758,35.35,63,100,13.73,overcast clouds
586,Novoasbest,RU,57.7422,60.2877,16.27,62,100,11.59,overcast clouds
587,Suwalki,PL,54.1118,22.9309,25.23,95,95,2.77,overcast clouds
588,Xichang,CN,27.8964,102.2634,41.31,91,50,1.36,scattered clouds
589,Bethanien,NA,-26.502,17.1583,74.73,22,0,12.26,clear sky
590,Kuloy,RU,61.0305,42.4925,12.2,94,96,6.67,overcast clouds
591,Aykhal,RU,66.0,111.5,-43.89,100,100,6.62,overcast clouds
592,Vavatenina,MG,-17.4667,49.2,69.35,96,56,2.24,broken clouds
593,Hirado,JP,33.3597,129.5531,44.38,62,98,20.18,overcast clouds
594,Luanda,AO,-8.8368,13.2343,82.4,78,40,4.61,scattered clouds
595,Maarianhamina,AX,60.0973,19.9348,26.46,100,75,2.3,broken clouds
596,Tocopilla,CL,-22.092,-70.1979,68.41,68,21,5.88,few clouds
597,Clemencia,CO,10.5665,-75.325,87.17,73,100,13.73,overcast clouds
598,Owando,CG,-0.4819,15.8999,72.59,94,100,2.91,overcast clouds
599,Innisfail,AU,-17.5333,146.0333,78.35,83,28,3.78,scattered clouds
600,Teahupoo,PF,-17.8333,-149.2667,78.76,79,82,11.99,light rain
601,Kaseda,JP,31.4167,130.3167,52.84,67,70,23.33,broken clouds
602,Bezhetsk,RU,57.7851,36.6965,28.47,96,100,9.71,overcast clouds
603,Merritt,CA,50.1123,-120.7942,33.46,70,23,5.97,few clouds
604,Antsohihy,MG,-14.8796,47.9875,78.48,73,88,3.65,overcast clouds
605,Adrar,MR,20.5022,-10.0711,71.17,14,48,10.96,scattered clouds
606,Chipinge,ZW,-20.1883,32.6236,68.32,84,4,9.4,clear sky
607,Caravelas,BR,-17.7125,-39.2481,79.9,76,47,8.88,scattered clouds
608,Tula,RU,54.2044,37.6111,22.73,89,73,7.94,broken clouds
609,Talaya,RU,61.3833,152.75,-9.31,99,100,6.87,light snow
610,Wismar,DE,53.9,11.4667,45.12,98,100,3.0,overcast clouds
611,Akhmim,EG,26.5622,31.745,68.2,30,100,6.38,overcast clouds
612,Hongjiang,CN,27.11,109.9956,47.3,89,100,2.3,overcast clouds
613,Riverton,US,40.5219,-111.9391,48.43,46,1,10.0,clear sky
614,Manika,PH,11.388,122.2793,75.49,96,99,5.64,overcast clouds
615,Moengo,SR,5.6167,-54.4,73.92,99,100,2.68,overcast clouds
616,Lokachi,UA,50.737,24.6494,32.76,98,100,11.27,light snow
617,Saint Anthony,US,45.0205,-93.218,39.04,57,1,3.0,clear sky
618,Ballina,AU,-28.8667,153.5667,65.79,94,90,6.91,light rain
619,Linxia,CN,35.6003,103.2064,24.03,71,0,0.89,clear sky
620,Sapa,PH,5.1544,120.3241,79.63,84,16,3.4,few clouds
621,Kirkwood,US,38.5834,-90.4068,54.99,30,20,4.0,few clouds
622,Havelock,US,34.8791,-76.9013,58.05,54,20,7.0,few clouds
623,Constitucion,CL,-35.3333,-72.4167,61.45,55,0,19.08,clear sky
624,Lima,PE,-12.0432,-77.0282,71.85,68,0,14.97,clear sky
625,Loknya,RU,56.83,30.1467,32.22,99,100,4.63,snow
626,Steamboat Springs,US,40.485,-106.8317,43.93,70,40,0.0,scattered clouds
627,Sturgeon Falls,CA,46.3646,-79.9326,41.9,72,62,18.86,broken clouds
628,Gorodishche,RU,48.8045,44.4744,22.08,86,0,11.18,clear sky
629,Kalat,PK,29.0225,66.5916,35.67,26,4,2.98,clear sky
630,Cairo,EG,30.0626,31.2497,66.96,82,100,0.0,mist
631,Lakes Entrance,AU,-37.8811,147.981,53.17,84,8,8.23,clear sky
632,Vladyslavivka,UA,45.1667,35.3667,49.55,76,100,8.57,overcast clouds
633,Ambilobe,MG,-13.2,49.05,74.73,76,15,3.76,few clouds
634,North Augusta,US,33.5018,-81.9651,61.92,42,1,1.01,clear sky
635,Pozo Colorado,PY,-23.4923,-58.7972,92.91,42,100,11.05,overcast clouds
636,Ensenada,MX,31.8667,-116.6167,63.95,64,4,6.6,clear sky
637,Tuatapere,NZ,-46.1333,167.6833,57.81,65,70,2.26,broken clouds
638,Tiarei,PF,-17.5333,-149.3333,84.22,81,94,10.2,moderate rain
639,Khash,IR,28.2211,61.2158,45.36,34,0,4.23,clear sky
640,Marsa Matruh,EG,31.3525,27.2453,57.4,62,0,3.44,clear sky
641,Bihoro,JP,43.8228,144.1044,32.68,67,100,15.28,snow
642,Kjollefjord,NO,70.9457,27.3465,30.25,95,100,12.39,light snow
643,Ishigaki,JP,24.3448,124.1572,70.66,78,100,30.6,overcast clouds
644,Aklavik,CA,68.2191,-135.0107,-1.37,90,100,22.21,overcast clouds
645,Ranfurly,NZ,-45.1333,170.1,49.64,82,100,1.21,overcast clouds
646,Constantine,DZ,36.365,6.6147,44.01,75,75,4.61,broken clouds
647,Esso,RU,55.9333,158.7,20.35,91,100,9.51,light snow
648,Pundaguitan,PH,6.3711,126.1689,82.22,76,98,5.55,overcast clouds
649,Hearst,CA,49.6835,-83.6665,34.05,82,100,13.69,overcast clouds
650,Pangai,TO,-19.8,-174.35,80.71,74,20,11.5,light rain
651,Sao Miguel Do Araguaia,BR,-13.275,-50.1628,80.73,83,100,5.23,moderate rain
652,Pervomayskoye,RU,43.919,46.7102,41.32,73,100,14.41,overcast clouds
653,Akdepe,TM,42.0551,59.3788,33.89,83,35,8.43,scattered clouds
654,Paita,PE,-5.0892,-81.1144,81.16,74,16,14.25,few clouds
655,Beyneu,KZ,45.3167,55.2,23.09,70,7,10.11,clear sky
656,Porto Novo,BJ,6.4965,2.6036,85.82,79,24,7.94,few clouds
657,Bristol,US,41.8334,-71.1662,47.62,43,6,5.01,clear sky
658,Roquetas De Mar,ES,36.7642,-2.6148,60.8,63,0,10.58,clear sky
659,Ugoofaaru,MV,5.6667,73.0,82.11,76,99,11.72,overcast clouds
660,Tigil,RU,57.8,158.6667,21.65,72,100,18.86,overcast clouds
661,Tulum,MX,20.2167,-87.4667,84.92,87,42,5.53,scattered clouds
662,Raytown,US,39.0086,-94.4636,56.17,26,1,3.0,clear sky
663,Ohara,JP,35.25,140.3833,58.86,64,52,6.73,broken clouds
664,Belaya Gora,RU,68.5333,146.4167,-50.6,100,68,1.1,broken clouds
665,Terre Haute,US,39.4667,-87.4139,50.05,44,1,1.99,clear sky
666,Surt,LY,31.2089,16.5887,60.67,47,40,11.92,scattered clouds
667,Mosquera,CO,4.7059,-74.2302,66.29,55,40,13.8,scattered clouds
668,Taltal,CL,-25.4,-70.4833,65.23,71,30,6.6,scattered clouds
669,Novoagansk,RU,61.9449,76.6625,-14.85,100,85,3.2,overcast clouds
670,Conde,BR,-7.2597,-34.9075,85.46,66,40,12.66,scattered clouds
671,Nabire,ID,-3.3667,135.4833,76.46,90,100,4.18,overcast clouds
672,Shakhovskaya,RU,56.0283,35.5097,26.98,97,100,11.72,overcast clouds
673,Lomovka,RU,53.9194,58.3672,5.92,91,14,2.44,few clouds
674,Sola,VU,-13.8833,167.55,81.79,80,100,14.05,overcast clouds
675,Port Hardy,CA,50.6996,-127.4199,41.76,100,90,10.36,light shower snow
676,Ipojuca,BR,-8.3989,-35.0639,84.11,72,10,9.62,clear sky
677,Sumenep,ID,-7.0167,113.8667,79.92,83,93,4.47,overcast clouds
678,Concarneau,FR,47.875,-3.9225,53.06,81,100,11.54,overcast clouds
679,Ormara,PK,25.2088,64.6357,71.55,43,100,3.65,overcast clouds
680,Solvychegodsk,RU,61.3305,46.9156,4.23,93,16,5.53,few clouds
681,Noumea,NC,-22.2763,166.4572,82.99,99,100,3.83,overcast clouds
682,Port Blair,IN,11.6667,92.75,79.79,74,61,12.73,broken clouds
683,Andra,RU,62.5147,65.8878,6.51,99,89,5.32,overcast clouds
684,Fevik,NO,58.3794,8.6766,34.09,96,100,2.55,overcast clouds
685,Lukovetskiy,RU,64.2956,41.9211,8.58,95,57,5.88,broken clouds
686,Iskateley,RU,67.6803,53.1512,18.97,96,100,7.67,overcast clouds
687,Havoysund,NO,70.9963,24.6622,31.08,98,100,13.24,light snow
688,Ivangorod,RU,59.3716,28.2162,31.78,99,100,3.29,overcast clouds
689,Garowe,SO,8.4054,48.4845,72.18,66,6,17.16,clear sky
690,Craig,US,40.5153,-107.5464,31.19,63,1,5.75,clear sky
691,Miraflores,MX,19.2167,-98.8083,67.03,34,42,3.06,scattered clouds
692,Ancud,CL,-41.8697,-73.8203,63.43,64,43,12.03,scattered clouds
693,Wakkanai,JP,45.4094,141.6739,31.62,84,100,36.15,light snow
694,Dicabisagan,PH,17.0818,122.4157,74.64,87,100,10.74,overcast clouds
695,Kismayo,SO,-0.3582,42.5454,80.1,79,22,11.18,few clouds
696,Udachnyy,RU,66.4167,112.4,-48.05,100,100,4.21,overcast clouds
697,Maniago,IT,46.1706,12.7078,38.14,75,55,5.12,broken clouds
698,Crossville,US,35.949,-85.0269,46.94,40,1,1.01,clear sky
699,Oum Hadjer,TD,13.2954,19.6966,80.42,14,63,9.53,broken clouds
700,Marawi,PH,7.9986,124.2928,67.64,95,99,2.3,overcast clouds
701,Auburndale,US,28.0653,-81.7887,86.18,58,1,1.01,clear sky
702,Gizo,SB,-8.103,156.8419,83.12,76,100,5.57,light rain
703,Ulladulla,AU,-35.35,150.4667,57.78,80,4,3.02,clear sky
